001	가정	家庭
002	간접	间接
003	감소하다	减少
004	강조하다	强调
005	개선하다	改善
006	거래	交易
007	건조하다	干燥
008	격려	鼓励
009	결국	最终
010	경험	经验
011	계획	计划
012	고려하다	考虑
013	곤란하다	为难
014	공간	空间
015	과제	课题
016	관심	关心
017	광고	广告
018	교통	交通
019	구체적	具体的
020	규정	规定
021	근거	根据
022	금액	金额
023	기능	功能
024	기대하다	期待
025	기사	报道
026	기준	标准
027	내용	内容
028	노력	努力
029	논문	论文
030	다수	多数
031	단점	缺点
032	달성하다	达成
033	대상	对象
034	대체로	大体上
035	도움	帮助
036	동기	动机
037	드물다	稀少
038	등장하다	出现
039	마련하다	筹备
040	만족	满足
041	매체	媒体
042	면접	面试
043	모집	招募
044	문화	文化
045	문제점	问题点
046	반영하다	反映
047	발견하다	发现
048	방법	方法
049	배경	背景
050	변화	变化
051	보존하다	保存
052	부족하다	不足
053	분위기	气氛
054	비교하다	比较
055	비율	比率
056	사례	事例
057	상황	状况
058	생활	生活
059	선정하다	选定
060	설명하다	说明
061	소비자	消费者
062	수단	手段
063	습관	习惯
064	승인	批准
065	시대	时代
066	실천하다	实践
067	심각하다	严重
068	연구	研究
069	영향	影响
070	예측하다	预测
071	요구하다	要求
072	원인	原因
073	위험	危险
074	유지하다	维持
075	의미	意义
076	의견	意见
077	이익	利益
078	인상	印象
079	자료	资料
080	자신	自身
081	장점	优点
082	재료	材料
083	적극적	积极的
084	전통	传统
085	절약하다	节约
086	점검하다	检查
087	증가하다	增加
088	지원하다	支援
089	진로	出路
090	질문	提问
091	참여하다	参与
092	책임	责任
093	추천하다	推荐
094	축제	庆典
095	태도	态度
096	편리하다	方便
097	표현	表达
098	필요하다	需要
099	환경	环境
100	효과	效果
